﻿# Host: localhost:3307  (Version 5.6.15-log)
# Date: 2020-03-18 07:04:09
# Generator: MySQL-Front 6.1  (Build 1.26)


#
# Structure for table "approval"
#

DROP TABLE IF EXISTS `approval`;
CREATE TABLE `approval` (
  `id` char(36) COLLATE utf8mb4_unicode_ci NOT NULL,
  `nama` varchar(250) COLLATE utf8mb4_unicode_ci NOT NULL,
  `created_at` timestamp NULL DEFAULT NULL,
  `updated_at` timestamp NULL DEFAULT NULL,
  PRIMARY KEY (`id`)
) ENGINE=InnoDB DEFAULT CHARSET=utf8mb4 COLLATE=utf8mb4_unicode_ci;

#
# Data for table "approval"
#

INSERT INTO `approval` VALUES ('515924c7-a00f-4389-962c-1816f6443660','tolak','2020-03-11 04:30:03','2020-03-11 04:30:03'),('6d830737-16c5-43c2-b154-9f74ed6a7204','setuju','2020-03-11 04:30:03','2020-03-11 04:30:03');

#
# Structure for table "failed_jobs"
#

DROP TABLE IF EXISTS `failed_jobs`;
CREATE TABLE `failed_jobs` (
  `id` bigint(20) unsigned NOT NULL AUTO_INCREMENT,
  `connection` text COLLATE utf8mb4_unicode_ci NOT NULL,
  `queue` text COLLATE utf8mb4_unicode_ci NOT NULL,
  `payload` longtext COLLATE utf8mb4_unicode_ci NOT NULL,
  `exception` longtext COLLATE utf8mb4_unicode_ci NOT NULL,
  `failed_at` timestamp NOT NULL DEFAULT CURRENT_TIMESTAMP,
  PRIMARY KEY (`id`)
) ENGINE=InnoDB DEFAULT CHARSET=utf8mb4 COLLATE=utf8mb4_unicode_ci;

#
# Data for table "failed_jobs"
#


#
# Structure for table "foto"
#

DROP TABLE IF EXISTS `foto`;
CREATE TABLE `foto` (
  `id` char(36) COLLATE utf8mb4_unicode_ci NOT NULL,
  `kelurahan_id` varchar(250) COLLATE utf8mb4_unicode_ci DEFAULT '-',
  `kecamatan_id` varchar(250) COLLATE utf8mb4_unicode_ci DEFAULT '-',
  `nama` varchar(250) COLLATE utf8mb4_unicode_ci DEFAULT '-',
  `path` varchar(250) COLLATE utf8mb4_unicode_ci DEFAULT '-',
  `created_at` timestamp NULL DEFAULT NULL,
  `updated_at` timestamp NULL DEFAULT NULL,
  PRIMARY KEY (`id`)
) ENGINE=InnoDB DEFAULT CHARSET=utf8mb4 COLLATE=utf8mb4_unicode_ci;

#
# Data for table "foto"
#

INSERT INTO `foto` VALUES ('1f5a4935-ccbd-4cd7-904e-9a99d48850d0','7777','-',NULL,NULL,'2020-03-14 05:22:11','2020-03-14 05:22:11'),('20005821-be8a-4960-9fc2-4eedc894ec25','44441','-',NULL,NULL,'2020-03-14 05:19:46','2020-03-14 05:19:46'),('30c70e30-9cfe-45b6-8a76-f07c23a823b4','-','345677',NULL,NULL,'2020-03-14 04:46:20','2020-03-14 04:46:20'),('32d557d6-a0e4-46d2-990d-76ba74ec8b37','33333','-','33333_20200310160541.jpg','uploadfoto','2020-03-10 16:05:41','2020-03-10 16:05:41'),('6fba9ce0-c00e-4d9d-8408-cbe404bfb7d3','65321','-',NULL,NULL,'2020-03-17 13:03:42','2020-03-17 13:03:42'),('b289eba4-9157-4250-90a8-89981426624f','56565','-',NULL,NULL,'2020-03-17 00:37:11','2020-03-17 00:37:11'),('bd8a31e6-122c-40db-b335-838c030d31c3','65321','-',NULL,NULL,'2020-03-17 13:03:26','2020-03-17 13:03:26'),('ce420cf8-5c8c-44fb-b14b-dea25e34475b','-','8888',NULL,NULL,'2020-03-14 05:23:09','2020-03-14 05:23:09'),('ef2670cc-749f-4a02-9f6f-e47b4bfc4dc3','-','9999',NULL,NULL,'2020-03-14 05:25:46','2020-03-14 05:25:46');

#
# Structure for table "instansi"
#

DROP TABLE IF EXISTS `instansi`;
CREATE TABLE `instansi` (
  `id` char(36) COLLATE utf8mb4_unicode_ci NOT NULL,
  `nama` varchar(250) COLLATE utf8mb4_unicode_ci NOT NULL,
  `created_at` timestamp NULL DEFAULT NULL,
  `updated_at` timestamp NULL DEFAULT NULL,
  PRIMARY KEY (`id`)
) ENGINE=InnoDB DEFAULT CHARSET=utf8mb4 COLLATE=utf8mb4_unicode_ci;

#
# Data for table "instansi"
#

INSERT INTO `instansi` VALUES ('3d287433-3cc5-451b-89ae-3b1a1c4337eb','Kecamatan','2020-03-08 04:35:20','2020-03-08 04:35:20'),('e051a533-88b5-4413-8108-30765e0efbcf','Kelurahan','2020-03-08 02:47:52','2020-03-08 02:47:52');

#
# Structure for table "kategori"
#

DROP TABLE IF EXISTS `kategori`;
CREATE TABLE `kategori` (
  `id` char(36) COLLATE utf8mb4_unicode_ci NOT NULL,
  `nama` varchar(250) COLLATE utf8mb4_unicode_ci NOT NULL,
  `bobot` int(11) NOT NULL,
  `created_at` timestamp NULL DEFAULT NULL,
  `updated_at` timestamp NULL DEFAULT NULL,
  PRIMARY KEY (`id`)
) ENGINE=InnoDB DEFAULT CHARSET=utf8mb4 COLLATE=utf8mb4_unicode_ci;

#
# Data for table "kategori"
#

INSERT INTO `kategori` VALUES ('2606d48d-e51f-4a33-a5dc-e708b00a2cb9','Tertib Kaki Lima',20,'2020-03-08 02:47:47','2020-03-08 02:47:47');

#
# Structure for table "kecamatan"
#

DROP TABLE IF EXISTS `kecamatan`;
CREATE TABLE `kecamatan` (
  `id` bigint(20) unsigned NOT NULL AUTO_INCREMENT,
  `id_provinsi` varchar(10) COLLATE utf8mb4_unicode_ci NOT NULL DEFAULT '-',
  `id_kota` varchar(250) COLLATE utf8mb4_unicode_ci NOT NULL DEFAULT '-',
  `id_kecamatan` varchar(250) COLLATE utf8mb4_unicode_ci NOT NULL DEFAULT '-',
  `nama` varchar(250) COLLATE utf8mb4_unicode_ci NOT NULL DEFAULT '-',
  `created_at` timestamp NULL DEFAULT NULL,
  `updated_at` timestamp NULL DEFAULT NULL,
  PRIMARY KEY (`id`)
) ENGINE=InnoDB AUTO_INCREMENT=45 DEFAULT CHARSET=utf8mb4 COLLATE=utf8mb4_unicode_ci;

#
# Data for table "kecamatan"
#

INSERT INTO `kecamatan` VALUES (1,'40','4011','401101','TANAH ABANG',NULL,NULL),(2,'40','4011','401102','MENTENG',NULL,NULL),(3,'40','4011','401103','SENEN',NULL,NULL),(4,'40','4011','401104','CEMPAKA PUTIH',NULL,NULL),(5,'40','4011','401105','JOHAR BARU',NULL,NULL),(6,'40','4011','401106','KEMAYORAN',NULL,NULL),(7,'40','4011','401107','SAWAH BESAR',NULL,NULL),(8,'40','4011','401108','GAMBIR',NULL,NULL),(9,'40','4012','401201','PENJARINGAN',NULL,NULL),(10,'40','4012','401202','PADEMANGAN',NULL,NULL),(11,'40','4012','401203','PADEMANGAN',NULL,NULL),(12,'40','4012','401204','KOJA',NULL,NULL),(13,'40','4012','401205','KELAPA GADING',NULL,NULL),(14,'40','4012','401206','CILINCING',NULL,NULL),(15,'40','4013','401301','KEBON JERUK',NULL,NULL),(16,'40','4013','401302','KEMBANGAN',NULL,NULL),(17,'40','4013','401303','CENGKARENG',NULL,NULL),(18,'40','4013','401304','KALIDERES',NULL,NULL),(19,'40','4013','401305','GROGOL PETAMBURAN',NULL,NULL),(20,'40','4013','401306','PALMERAH',NULL,NULL),(21,'40','4013','401307','TAMBORA',NULL,NULL),(22,'40','4013','401308','TAMAN SARI',NULL,NULL),(23,'40','4014','401401','KEBAYORAN LAMA',NULL,NULL),(24,'40','4014','401402','PESANGGRAHAN',NULL,NULL),(25,'40','4014','401403','PASAR MINGGU',NULL,NULL),(26,'40','4014','401404','JAGAKARSA',NULL,NULL),(27,'40','4014','401405','MAMPANG PRAPATAN',NULL,NULL),(28,'40','4014','401406','PANCORAN',NULL,NULL),(29,'40','4014','401407','KEBAYORAN BARU',NULL,NULL),(30,'40','4014','401408','SETIABUDI',NULL,NULL),(31,'40','4014','401409','TEBET',NULL,NULL),(32,'40','4014','401410','CILANDAK',NULL,NULL),(33,'40','4015','401501','PASAR REBO',NULL,NULL),(34,'40','4015','401502','CIRACAS',NULL,NULL),(35,'40','4015','401503','CIPAYUNG',NULL,NULL),(36,'40','4015','401504','KRAMAT JATI',NULL,NULL),(37,'40','4015','401505','MAKASAR',NULL,NULL),(38,'40','4015','401506','JATINEGARA',NULL,NULL),(39,'40','4015','401507','DUREN SAWIT',NULL,NULL),(40,'40','4015','401508','MATRAMAN',NULL,NULL),(41,'40','4015','401509','PULOGADUNG',NULL,NULL),(42,'40','4015','401510','CAKUNG',NULL,NULL),(43,'40','4016','401601','KEP.SERIBU UTARA',NULL,NULL),(44,'40','4016','401602','KEP.SERIBU SELATAN',NULL,NULL);

#
# Structure for table "kegiatan_instansi"
#

DROP TABLE IF EXISTS `kegiatan_instansi`;
CREATE TABLE `kegiatan_instansi` (
  `id` char(36) COLLATE utf8mb4_unicode_ci NOT NULL,
  `nama` varchar(250) COLLATE utf8mb4_unicode_ci NOT NULL,
  `kategori_id` varchar(250) COLLATE utf8mb4_unicode_ci NOT NULL,
  `register_instansi_id` varchar(250) COLLATE utf8mb4_unicode_ci NOT NULL,
  `nama_instansi` varchar(250) COLLATE utf8mb4_unicode_ci NOT NULL DEFAULT '-',
  `tgl_mulai` date NOT NULL,
  `tgl_selesai` date NOT NULL,
  `created_at` timestamp NULL DEFAULT NULL,
  `updated_at` timestamp NULL DEFAULT NULL,
  PRIMARY KEY (`id`)
) ENGINE=InnoDB DEFAULT CHARSET=utf8mb4 COLLATE=utf8mb4_unicode_ci;

#
# Data for table "kegiatan_instansi"
#

INSERT INTO `kegiatan_instansi` VALUES ('71b69e70-e583-40fa-817b-f3667d00bcbb','dawdawd','2606d48d-e51f-4a33-a5dc-e708b00a2cb9','aaa87f28-8747-48cc-b46f-b0bd36964be5','-','2020-03-08','2020-03-12','2020-03-08 06:32:08','2020-03-08 06:32:08'),('8f5ea34d-79ec-4275-aafb-9489c7109303','Membersihkan setiap kelurahan','2606d48d-e51f-4a33-a5dc-e708b00a2cb9','962fbf12-df35-472c-b78b-4b9a0b3fb69d','-','2020-03-01','2020-03-04','2020-03-17 13:53:31','2020-03-17 13:53:31'),('b7cda125-ce40-493e-99cb-b01e6d672236','Mendata setiap kegiatan kelurahan','2606d48d-e51f-4a33-a5dc-e708b00a2cb9','87e4f830-0af5-4f15-a5d9-1e4ddcf2d828','-','2020-03-01','2020-03-31','2020-03-17 13:51:44','2020-03-17 13:51:44');

#
# Structure for table "kelurahan"
#

DROP TABLE IF EXISTS `kelurahan`;
CREATE TABLE `kelurahan` (
  `id` bigint(20) unsigned NOT NULL AUTO_INCREMENT,
  `id_provinsi` varchar(10) COLLATE utf8mb4_unicode_ci DEFAULT NULL,
  `id_kota` varchar(250) COLLATE utf8mb4_unicode_ci NOT NULL DEFAULT '-',
  `id_kecamatan` varchar(250) COLLATE utf8mb4_unicode_ci NOT NULL DEFAULT '-',
  `id_kelurahan` varchar(250) COLLATE utf8mb4_unicode_ci NOT NULL DEFAULT '-',
  `nama` varchar(250) COLLATE utf8mb4_unicode_ci NOT NULL DEFAULT '-',
  `created_at` timestamp NULL DEFAULT NULL,
  `updated_at` timestamp NULL DEFAULT NULL,
  PRIMARY KEY (`id`)
) ENGINE=InnoDB AUTO_INCREMENT=269 DEFAULT CHARSET=utf8mb4 COLLATE=utf8mb4_unicode_ci;

#
# Data for table "kelurahan"
#

INSERT INTO `kelurahan` VALUES (1,'40','4011','401101','40110101','GELORA',NULL,NULL),(2,'40','4011','401101','40110102','BENDUNGAN HILIR',NULL,NULL),(3,'40','4011','401101','40110103','KARET TENGSIN',NULL,NULL),(4,'40','4011','401101','40110104','PETAMBURAN',NULL,NULL),(5,'40','4011','401101','40110105','KEBON MELATI',NULL,NULL),(6,'40','4011','401101','40110106','KEBON KACANG',NULL,NULL),(7,'40','4011','401101','40110107','KAMPUNG BALI',NULL,NULL),(8,'40','4011','401102','40110201','MENTENG',NULL,NULL),(9,'40','4011','401102','40110202','PEGANGSAAN',NULL,NULL),(10,'40','4011','401102','40110203','CIKINI',NULL,NULL),(11,'40','4011','401102','40110204','GONDANGDIA',NULL,NULL),(12,'40','4011','401102','40110205','KEBON SIRIH',NULL,NULL),(13,'40','4011','401103','40110301','KENARI',NULL,NULL),(14,'40','4011','401103','40110302','PASEBAN',NULL,NULL),(15,'40','4011','401103','40110303','KRAMAT',NULL,NULL),(16,'40','4011','401103','40110304','KWITANG',NULL,NULL),(17,'40','4011','401103','40110305','SENEN',NULL,NULL),(18,'40','4011','401103','40110306','BUNGUR',NULL,NULL),(19,'40','4011','401104','40110401','RAWASARI',NULL,NULL),(20,'40','4011','401104','40110402','CEMPAKA PUTIH TIMUR',NULL,NULL),(21,'40','4011','401104','40110403','CEMPAKA PUTIH BARAT',NULL,NULL),(22,'40','4011','401105','40110501','JOHAR BARU',NULL,NULL),(23,'40','4011','401105','40110502','KAMPUNG RAWA',NULL,NULL),(24,'40','4011','401105','40110503','GALUR',NULL,NULL),(25,'40','4011','401105','40110504','TANAH TINGGI',NULL,NULL),(26,'40','4011','401106','40110601','HARAPAN MULIA',NULL,NULL),(27,'40','4011','401106','40110602','CEMPAKA BARU',NULL,NULL),(28,'40','4011','401106','40110603','SUMUR BATU',NULL,NULL),(29,'40','4011','401106','40110604','SERDANG',NULL,NULL),(30,'40','4011','401106','40110605','KEBON KOSONG',NULL,NULL),(31,'40','4011','401106','40110606','KEMAYORAN',NULL,NULL),(32,'40','4011','401106','40110607','UTAN PANJANG',NULL,NULL),(33,'40','4011','401106','40110608','GUNUNG SAHARI SELATAN',NULL,NULL),(34,'40','4011','401107','40110701','PASAR BARU',NULL,NULL),(35,'40','4011','401107','40110702','KARANG ANYAR',NULL,NULL),(36,'40','4011','401107','40110703','KARTINI',NULL,NULL),(37,'40','4011','401107','40110704','GUNUNG SAHARI UTARA',NULL,NULL),(38,'40','4011','401107','40110705','MANGGA DUA SELATAN',NULL,NULL),(39,'40','4011','401108','40110801','CIDENG',NULL,NULL),(40,'40','4011','401108','40110802','PETOJO SELATAN',NULL,NULL),(41,'40','4011','401108','40110803','GAMBIR',NULL,NULL),(42,'40','4011','401108','40110804','KEBON KELAPA',NULL,NULL),(43,'40','4011','401108','40110805','PETOJO UTARA',NULL,NULL),(44,'40','4011','401108','40110806','DURI PULO',NULL,NULL),(45,'40','4012','401201','40120101','KAMAL MUARA',NULL,NULL),(46,'40','4012','401201','40120102','KAPUK MUARA',NULL,NULL),(47,'40','4012','401201','40120103','PEJAGALAN',NULL,NULL),(48,'40','4012','401201','40120104','PENJARINGAN',NULL,NULL),(49,'40','4012','401201','40120105','PLUIT',NULL,NULL),(50,'40','4012','401202','40120201','ANCOL',NULL,NULL),(51,'40','4012','401202','40120202','PADEMANGAN BARAT',NULL,NULL),(52,'40','4012','401202','40120203','PADEMANGAN TIMUR',NULL,NULL),(53,'40','4012','401203','40120300','TANJUNG PRIOK',NULL,NULL),(54,'40','4012','401203','40120301','SUNTER JAYA',NULL,NULL),(55,'40','4012','401203','40120302','SUNTER AGUNG',NULL,NULL),(56,'40','4012','401203','40120303','PAPANGGO',NULL,NULL),(57,'40','4012','401203','40120304','WARAKAS',NULL,NULL),(58,'40','4012','401203','40120305','SUNGAI BAMBU',NULL,NULL),(59,'40','4012','401203','40120306','KEBON BAWANG',NULL,NULL),(60,'40','4012','401203','40120307','TANJUNG PRIOK',NULL,NULL),(61,'40','4012','401204','40120401','TUGU UTARA',NULL,NULL),(62,'40','4012','401204','40120402','TUGU SELATAN',NULL,NULL),(63,'40','4012','401204','40120403','RAWA BADAK UTARA',NULL,NULL),(64,'40','4012','401204','40120404','KOJA',NULL,NULL),(65,'40','4012','401204','40120405','RAWA BADAK SELATAN',NULL,NULL),(66,'40','4012','401204','40120406','LAGOA',NULL,NULL),(67,'40','4012','401205','40120501','KELAPA GADING TIMUR',NULL,NULL),(68,'40','4012','401205','40120502','KELAPA GADING BARAT',NULL,NULL),(69,'40','4012','401205','40120503','PEGANGSAAN DUA',NULL,NULL),(70,'40','4012','401206','40120601','SUKAPURA',NULL,NULL),(71,'40','4012','401206','40120602','ROROTAN',NULL,NULL),(72,'40','4012','401206','40120603','MARUNDA',NULL,NULL),(73,'40','4012','401206','40120604','CILINCING',NULL,NULL),(74,'40','4012','401206','40120605','SEMPER TIMUR',NULL,NULL),(75,'40','4012','401206','40120606','SEMPER BARAT',NULL,NULL),(76,'40','4012','401206','40120607','KALIBARU',NULL,NULL),(77,'40','4013','401301','40130101','SUKABUMI SELATAN',NULL,NULL),(78,'40','4013','401301','40130102','SUKABUMI UTARA',NULL,NULL),(79,'40','4013','401301','40130103','KELAPA DUA',NULL,NULL),(80,'40','4013','401301','40130104','DURI KEPA',NULL,NULL),(81,'40','4013','401301','40130105','KEDOYA UTARA',NULL,NULL),(82,'40','4013','401301','40130106','KEBON JERUK',NULL,NULL),(83,'40','4013','401301','40130107','KEDOYA SELATAN',NULL,NULL),(84,'40','4013','401302','40130201','KEMBANGAN SELATAN',NULL,NULL),(85,'40','4013','401302','40130202','MERUYA UTARA',NULL,NULL),(86,'40','4013','401302','40130203','MERUYA SELATAN',NULL,NULL),(87,'40','4013','401302','40130204','SRENGSENG',NULL,NULL),(88,'40','4013','401302','40130205','JOGLO',NULL,NULL),(89,'40','4013','401302','40130206','KEMBANGAN UTARA',NULL,NULL),(90,'40','4013','401303','40130301','CENGKARENG BARAT',NULL,NULL),(91,'40','4013','401303','40130302','CENGKARENG TIMUR',NULL,NULL),(92,'40','4013','401303','40130303','KAPUK',NULL,NULL),(93,'40','4013','401303','40130304','DURI KOSAMBI',NULL,NULL),(94,'40','4013','401303','40130305','RAWA BUAYA',NULL,NULL),(95,'40','4013','401303','40130306','KEDAUNG KALI ANGKE',NULL,NULL),(96,'40','4013','401304','40130401','KAMAL',NULL,NULL),(97,'40','4013','401304','40130402','TEGAL ALUR',NULL,NULL),(98,'40','4013','401304','40130403','PEGADUNGAN',NULL,NULL),(99,'40','4013','401304','40130404','KALIDERES',NULL,NULL),(100,'40','4013','401304','40130405','SEMANAN',NULL,NULL),(101,'40','4013','401305','40130501','TOMANG',NULL,NULL),(102,'40','4013','401305','40130502','TANJUNG DUREN UTARA',NULL,NULL),(103,'40','4013','401305','40130503','GROGOL',NULL,NULL),(104,'40','4013','401305','40130504','JELAMBAR',NULL,NULL),(105,'40','4013','401305','40130505','JELAMBAR BARU',NULL,NULL),(106,'40','4013','401305','40130506','WIJAYA KUSUMA',NULL,NULL),(107,'40','4013','401305','40130507','TANJUNG DUREN SELATAN',NULL,NULL),(108,'40','4013','401306','40130601','PALMERAH',NULL,NULL),(109,'40','4013','401306','40130602','KEMANGGISAN',NULL,NULL),(110,'40','4013','401306','40130603','SLIPI',NULL,NULL),(111,'40','4013','401306','40130604','KOTA BAMBU UTARA',NULL,NULL),(112,'40','4013','401306','40130605','JATI PULO',NULL,NULL),(113,'40','4013','401306','40130606','KOTA BAMBU SELATAN',NULL,NULL),(114,'40','4013','401307','40130701','KALI ANYAR',NULL,NULL),(115,'40','4013','401307','40130702','DURI UTARA',NULL,NULL),(116,'40','4013','401307','40130703','TANAH SEREAL',NULL,NULL),(117,'40','4013','401307','40130704','KRENDANG',NULL,NULL),(118,'40','4013','401307','40130705','JEMBATAN BESI',NULL,NULL),(119,'40','4013','401307','40130706','ANGKE',NULL,NULL),(120,'40','4013','401307','40130707','JEMBATAN LIMA',NULL,NULL),(121,'40','4013','401307','40130708','DURI SELATAN',NULL,NULL),(122,'40','4013','401307','40130709','TAMBORA',NULL,NULL),(123,'40','4013','401307','40130710','PEKOJAN',NULL,NULL),(124,'40','4013','401307','40130711','ROA MALAKA',NULL,NULL),(125,'40','4013','401308','40130801','KRUKUT',NULL,NULL),(126,'40','4013','401308','40130802','MAPHAR',NULL,NULL),(127,'40','4013','401308','40130803','TAMAN SARI',NULL,NULL),(128,'40','4013','401308','40130804','TANGKI',NULL,NULL),(129,'40','4013','401308','40130805','MANGGA BESAR',NULL,NULL),(130,'40','4013','401308','40130806','KEAGUNGAN',NULL,NULL),(131,'40','4013','401308','40130807','GLODOK',NULL,NULL),(132,'40','4013','401308','40130808','PINANGSIA',NULL,NULL),(133,'40','4014','401401','40140101','KEBAYORAN LAMA UTARA',NULL,NULL),(134,'40','4014','401401','40140102','KEBAYORAN LAMA SELATAN',NULL,NULL),(135,'40','4014','401401','40140103','PONDOK PINANG',NULL,NULL),(136,'40','4014','401401','40140104','CIPULIR',NULL,NULL),(137,'40','4014','401401','40140105','GROGOL SELATAN',NULL,NULL),(138,'40','4014','401401','40140106','GROGOL UTARA',NULL,NULL),(139,'40','4014','401402','40140201','PESANGGRAHAN',NULL,NULL),(140,'40','4014','401402','40140202','PETUKANGAN SELATAN',NULL,NULL),(141,'40','4014','401402','40140203','PETUKANGAN UTARA',NULL,NULL),(142,'40','4014','401402','40140204','ULUJAMI',NULL,NULL),(143,'40','4014','401402','40140205','BINTARO',NULL,NULL),(144,'40','4014','401403','40140301','PASAR MINGGU',NULL,NULL),(145,'40','4014','401403','40140302','JATIPADANG',NULL,NULL),(146,'40','4014','401403','40140303','RAGUNAN',NULL,NULL),(147,'40','4014','401403','40140304','CILANDAK TIMUR',NULL,NULL),(148,'40','4014','401403','40140305','KEBAGUSAN',NULL,NULL),(149,'40','4014','401403','40140306','PEJATEN BARAT',NULL,NULL),(150,'40','4014','401403','40140307','PEJATEN TIMUR',NULL,NULL),(151,'40','4014','401404','40140401','JAGAKARSA',NULL,NULL),(152,'40','4014','401404','40140402','CIGANJUR',NULL,NULL),(153,'40','4014','401404','40140403','SRENGSENG SAWAH',NULL,NULL),(154,'40','4014','401404','40140404','LENTENG AGUNG',NULL,NULL),(155,'40','4014','401404','40140405','TANJUNG BARAT',NULL,NULL),(156,'40','4014','401404','40140406','CIPEDAK',NULL,NULL),(157,'40','4014','401405','40140501','TEGAL PARANG',NULL,NULL),(158,'40','4014','401405','40140502','MAMPANG PRAPATAN',NULL,NULL),(159,'40','4014','401405','40140503','PELA MAMPANG',NULL,NULL),(160,'40','4014','401405','40140504','KUNINGAN BARAT',NULL,NULL),(161,'40','4014','401405','40140505','BANGKA',NULL,NULL),(162,'40','4014','401406','40140601','PANCORAN',NULL,NULL),(163,'40','4014','401406','40140602','DUREN TIGA',NULL,NULL),(164,'40','4014','401406','40140603','KALIBATA',NULL,NULL),(165,'40','4014','401406','40140604','RAWAJATI',NULL,NULL),(166,'40','4014','401406','40140605','PANGADEGAN',NULL,NULL),(167,'40','4014','401406','40140606','CIKOKO',NULL,NULL),(168,'40','4014','401407','40140701','GANDARIA UTARA',NULL,NULL),(169,'40','4014','401407','40140702','CIPETE UTARA',NULL,NULL),(170,'40','4014','401407','40140703','PULO',NULL,NULL),(171,'40','4014','401407','40140704','PETOGOGAN',NULL,NULL),(172,'40','4014','401407','40140705','MELAWAI',NULL,NULL),(173,'40','4014','401407','40140706','KRAMAT PELA',NULL,NULL),(174,'40','4014','401407','40140707','GUNUNG',NULL,NULL),(175,'40','4014','401407','40140708','SELONG',NULL,NULL),(176,'40','4014','401407','40140709','RAWA BARAT',NULL,NULL),(177,'40','4014','401407','40140710','SENAYAN',NULL,NULL),(178,'40','4014','401408','40140801','KARET SEMANGGI',NULL,NULL),(179,'40','4014','401408','40140802','KUNINGAN TIMUR',NULL,NULL),(180,'40','4014','401408','40140803','KARET KUNINGAN',NULL,NULL),(181,'40','4014','401408','40140804','KARET',NULL,NULL),(182,'40','4014','401408','40140805','MENTENG ATAS',NULL,NULL),(183,'40','4014','401408','40140806','PASAR MANGGIS',NULL,NULL),(184,'40','4014','401408','40140807','GUNTUR',NULL,NULL),(185,'40','4014','401408','40140808','SETIA BUDI',NULL,NULL),(186,'40','4014','401409','40140901','MENTENG DALAM',NULL,NULL),(187,'40','4014','401409','40140902','TEBET BARAT',NULL,NULL),(188,'40','4014','401409','40140903','TEBET TIMUR',NULL,NULL),(189,'40','4014','401409','40140904','KEBON BARU',NULL,NULL),(190,'40','4014','401409','40140905','BUKIT DURI',NULL,NULL),(191,'40','4014','401409','40140906','MANGGARAI SELATAN',NULL,NULL),(192,'40','4014','401409','40140907','MANGGARAI',NULL,NULL),(193,'40','4014','401410','40141001','LEBAK BULUS',NULL,NULL),(194,'40','4014','401410','40141002','PONDOK LABU',NULL,NULL),(195,'40','4014','401410','40141003','CILANDAK BARAT',NULL,NULL),(196,'40','4014','401410','40141004','GANDARIA SELATAN',NULL,NULL),(197,'40','4014','401410','40141005','CIPETE SELATAN',NULL,NULL),(198,'40','4015','401501','40150101','PEKAYON',NULL,NULL),(199,'40','4015','401501','40150102','KALISARI',NULL,NULL),(200,'40','4015','401501','40150103','BARU',NULL,NULL),(201,'40','4015','401501','40150104','CIJANTUNG',NULL,NULL),(202,'40','4015','401501','40150105','GEDONG',NULL,NULL),(203,'40','4015','401502','40150201','CIBUBUR',NULL,NULL),(204,'40','4015','401502','40150202','RAMBUTAN',NULL,NULL),(205,'40','4015','401502','40150203','KELAPA DUA WETAN',NULL,NULL),(206,'40','4015','401502','40150204','SUSUKAN',NULL,NULL),(207,'40','4015','401502','40150205','CIRACAS',NULL,NULL),(208,'40','4015','401503','40150301','CIPAYUNG',NULL,NULL),(209,'40','4015','401503','40150302','LUBANG BUAYA',NULL,NULL),(210,'40','4015','401503','40150303','CEGER',NULL,NULL),(211,'40','4015','401503','40150304','BAMBU APUS',NULL,NULL),(212,'40','4015','401503','40150305','SETU',NULL,NULL),(213,'40','4015','401503','40150306','CILANGKAP',NULL,NULL),(214,'40','4015','401503','40150307','MUNJUL',NULL,NULL),(215,'40','4015','401503','40150308','PONDOK RANGGON',NULL,NULL),(216,'40','4015','401504','40150401','TENGAH',NULL,NULL),(217,'40','4015','401504','40150402','KAMPUNG DUKUH',NULL,NULL),(218,'40','4015','401504','40150403','KRAMAT JATI',NULL,NULL),(219,'40','4015','401504','40150404','BATU AMPAR',NULL,NULL),(220,'40','4015','401504','40150405','BALE KAMBANG',NULL,NULL),(221,'40','4015','401504','40150406','CILILITAN',NULL,NULL),(222,'40','4015','401504','40150407','CAWANG',NULL,NULL),(223,'40','4015','401505','40150501','CIPINANG MELAYU',NULL,NULL),(224,'40','4015','401505','40150502','HALIM PERDANA KUSUMA',NULL,NULL),(225,'40','4015','401505','40150503','KEBON PALA',NULL,NULL),(226,'40','4015','401505','40150504','MAKASAR',NULL,NULL),(227,'40','4015','401505','40150505','PINANG RANTI',NULL,NULL),(228,'40','4015','401506','40150601','KAMPUNG MELAYU',NULL,NULL),(229,'40','4015','401506','40150602','BIDARA CINA',NULL,NULL),(230,'40','4015','401506','40150603','BALI MESTER',NULL,NULL),(231,'40','4015','401506','40150604','RAWA BUNGA',NULL,NULL),(232,'40','4015','401506','40150605','CIPINANG CEMPEDAK',NULL,NULL),(233,'40','4015','401506','40150606','CIPINANG MUARA',NULL,NULL),(234,'40','4015','401506','40150607','CIPINANG BESAR SELATAN',NULL,NULL),(235,'40','4015','401506','40150608','CIPINANG BESAR UTARA',NULL,NULL),(236,'40','4015','401507','40150701','KLENDER',NULL,NULL),(237,'40','4015','401507','40150702','PONDOK BAMBU',NULL,NULL),(238,'40','4015','401507','40150703','DUREN SAWIT',NULL,NULL),(239,'40','4015','401507','40150704','MALAKA SARI',NULL,NULL),(240,'40','4015','401507','40150705','MALAKA JAYA',NULL,NULL),(241,'40','4015','401507','40150706','PONDOK KOPI',NULL,NULL),(242,'40','4015','401507','40150707','PONDOK KELAPA',NULL,NULL),(243,'40','4015','401508','40150801','PISANGAN BARU',NULL,NULL),(244,'40','4015','401508','40150802','UTAN KAYU SELATAN',NULL,NULL),(245,'40','4015','401508','40150803','UTAN KAYU UTARA',NULL,NULL),(246,'40','4015','401508','40150804','KAYU MANIS',NULL,NULL),(247,'40','4015','401508','40150805','PALMERIAM',NULL,NULL),(248,'40','4015','401508','40150806','KEBON MANGGIS',NULL,NULL),(249,'40','4015','401509','40150901','PISANGAN TIMUR',NULL,NULL),(250,'40','4015','401509','40150902','CIPINANG',NULL,NULL),(251,'40','4015','401509','40150903','JATINEGARA KAUM',NULL,NULL),(252,'40','4015','401509','40150904','PULOGADUNG',NULL,NULL),(253,'40','4015','401509','40150905','RAWAMANGUN',NULL,NULL),(254,'40','4015','401509','40150906','JATI',NULL,NULL),(255,'40','4015','401509','40150907','KAYU PUTIH',NULL,NULL),(256,'40','4015','401510','40151001','JATINEGARA',NULL,NULL),(257,'40','4015','401510','40151002','RAWA TERATE',NULL,NULL),(258,'40','4015','401510','40151003','PENGGILINGAN',NULL,NULL),(259,'40','4015','401510','40151004','PULO GEBANG',NULL,NULL),(260,'40','4015','401510','40151005','UJUNG MENTENG',NULL,NULL),(261,'40','4015','401510','40151006','CAKUNG TIMUR',NULL,NULL),(262,'40','4015','401510','40151007','CAKUNG BARAT',NULL,NULL),(263,'40','4016','401601','40160101','PULAU PANGGANG',NULL,NULL),(264,'40','4016','401601','40160102','PULAU KELAPA',NULL,NULL),(265,'40','4016','401601','40160103','PULAU HARAPAN',NULL,NULL),(266,'40','4016','401602','40160201','PULAU UNTUNG JAWA',NULL,NULL),(267,'40','4016','401602','40160202','PULAU TIDUNG',NULL,NULL),(268,'40','4016','401602','40160203','PULAU PARI',NULL,NULL);

#
# Structure for table "kota"
#

DROP TABLE IF EXISTS `kota`;
CREATE TABLE `kota` (
  `id` bigint(20) unsigned NOT NULL AUTO_INCREMENT,
  `id_kota` varchar(250) COLLATE utf8mb4_unicode_ci NOT NULL,
  `nama` varchar(250) COLLATE utf8mb4_unicode_ci NOT NULL,
  `created_at` timestamp NULL DEFAULT NULL,
  `updated_at` timestamp NULL DEFAULT NULL,
  `id_provinsi` varchar(10) COLLATE utf8mb4_unicode_ci NOT NULL DEFAULT '-',
  PRIMARY KEY (`id`)
) ENGINE=InnoDB AUTO_INCREMENT=7 DEFAULT CHARSET=utf8mb4 COLLATE=utf8mb4_unicode_ci;

#
# Data for table "kota"
#

INSERT INTO `kota` VALUES (1,'4011','KOTA ADMINISTRASI JAKARTA PUSAT',NULL,NULL,'40'),(2,'4012','KOTA ADMINISTRASI JAKARTA UTARA',NULL,NULL,'40'),(3,'4013','KOTA ADMINISTRASI JAKARTA BARAT',NULL,NULL,'40'),(4,'4014','KOTA ADMINISTRASI JAKARTA SELATAN',NULL,NULL,'40'),(5,'4015','KOTA ADMINISTRASI JAKARTA TIMUR',NULL,NULL,'40'),(6,'4016','KABUPATEN ADMINISTRASI KEPULAUAN SERIBU - KEP. SERIBU',NULL,NULL,'40');

#
# Structure for table "migrations"
#

DROP TABLE IF EXISTS `migrations`;
CREATE TABLE `migrations` (
  `id` int(10) unsigned NOT NULL AUTO_INCREMENT,
  `migration` varchar(191) COLLATE utf8mb4_unicode_ci NOT NULL,
  `batch` int(11) NOT NULL,
  PRIMARY KEY (`id`)
) ENGINE=InnoDB AUTO_INCREMENT=52 DEFAULT CHARSET=utf8mb4 COLLATE=utf8mb4_unicode_ci;

#
# Data for table "migrations"
#

INSERT INTO `migrations` VALUES (1,'2014_10_12_000000_create_users_table',1),(2,'2014_10_12_100000_create_password_resets_table',1),(3,'2019_08_19_000000_create_failed_jobs_table',1),(20,'2020_03_07_013947_create_table_role',2),(21,'2020_03_07_014102_create_table_kategori',2),(22,'2020_03_07_014124_create_table_instansi',2),(23,'2020_03_07_014141_create_table_approval',2),(34,'2020_03_07_014204_create_table_kegiatan_instansi',4),(35,'2020_03_08_044629_create_registrasi_instansi',4),(37,'2020_03_07_014319_create_table_foto',5),(38,'2020_03_07_014249_create_table_trans_approval_instansi',6),(46,'2020_03_08_015703_create_table_kota',7),(48,'2020_03_16_234820_create_table_kelurahan',7),(49,'2020_03_14_055110_create_table_kecamatan',8),(51,'2020_03_17_125141_create_table_provinsi',9);

#
# Structure for table "password_resets"
#

DROP TABLE IF EXISTS `password_resets`;
CREATE TABLE `password_resets` (
  `email` varchar(191) COLLATE utf8mb4_unicode_ci NOT NULL,
  `token` varchar(191) COLLATE utf8mb4_unicode_ci NOT NULL,
  `created_at` timestamp NULL DEFAULT NULL,
  KEY `password_resets_email_index` (`email`)
) ENGINE=InnoDB DEFAULT CHARSET=utf8mb4 COLLATE=utf8mb4_unicode_ci;

#
# Data for table "password_resets"
#


#
# Structure for table "provinsi"
#

DROP TABLE IF EXISTS `provinsi`;
CREATE TABLE `provinsi` (
  `id` bigint(20) unsigned NOT NULL AUTO_INCREMENT,
  `id_provinsi` varchar(250) COLLATE utf8mb4_unicode_ci NOT NULL DEFAULT '-',
  `nama` varchar(250) COLLATE utf8mb4_unicode_ci NOT NULL DEFAULT '-',
  `created_at` timestamp NULL DEFAULT NULL,
  `updated_at` timestamp NULL DEFAULT NULL,
  PRIMARY KEY (`id`)
) ENGINE=InnoDB AUTO_INCREMENT=2 DEFAULT CHARSET=utf8mb4 COLLATE=utf8mb4_unicode_ci;

#
# Data for table "provinsi"
#

INSERT INTO `provinsi` VALUES (1,'40','DKI JAKARTA',NULL,NULL);

#
# Structure for table "registrasi_instansi"
#

DROP TABLE IF EXISTS `registrasi_instansi`;
CREATE TABLE `registrasi_instansi` (
  `id` char(36) COLLATE utf8mb4_unicode_ci NOT NULL,
  `id_jenis_instansi` varchar(255) COLLATE utf8mb4_unicode_ci NOT NULL,
  `id_instansi` varchar(255) COLLATE utf8mb4_unicode_ci NOT NULL,
  `nama_instansi` varchar(100) COLLATE utf8mb4_unicode_ci NOT NULL DEFAULT '-',
  `pejabat_instansi` varchar(100) COLLATE utf8mb4_unicode_ci NOT NULL DEFAULT '-',
  `email` varchar(100) COLLATE utf8mb4_unicode_ci NOT NULL DEFAULT '-',
  `password` varchar(100) COLLATE utf8mb4_unicode_ci NOT NULL DEFAULT '-',
  `alamat` text COLLATE utf8mb4_unicode_ci NOT NULL,
  `lokasi_kelurahan` varchar(100) COLLATE utf8mb4_unicode_ci NOT NULL DEFAULT '-',
  `lokasi_kecamatan` varchar(100) COLLATE utf8mb4_unicode_ci NOT NULL DEFAULT '-',
  `kota_id` varchar(50) COLLATE utf8mb4_unicode_ci NOT NULL DEFAULT '-',
  `provinsi` varchar(50) COLLATE utf8mb4_unicode_ci NOT NULL DEFAULT '-',
  `kodepos` varchar(8) COLLATE utf8mb4_unicode_ci NOT NULL DEFAULT '-',
  `notelp` varchar(14) COLLATE utf8mb4_unicode_ci NOT NULL DEFAULT '-',
  `created_at` timestamp NULL DEFAULT NULL,
  `updated_at` timestamp NULL DEFAULT NULL,
  PRIMARY KEY (`id`)
) ENGINE=InnoDB DEFAULT CHARSET=utf8mb4 COLLATE=utf8mb4_unicode_ci;

#
# Data for table "registrasi_instansi"
#

INSERT INTO `registrasi_instansi` VALUES ('1f6d8388-a830-452f-b0c0-722db471b2fe','3d287433-3cc5-451b-89ae-3b1a1c4337eb','9999','kokoko','koko','kokoko@gmail.com','-','dwdas','sdsdsads','sdawwa','J001','wdwadwa','34567','7565656','2020-03-14 05:25:46','2020-03-14 05:25:46'),('87e4f830-0af5-4f15-a5d9-1e4ddcf2d828','3d287433-3cc5-451b-89ae-3b1a1c4337eb','345677','Kecamatan gtgtgtgtgtgt','grgrgrgrgrgrg','rio.firmansyah.eka.saputra@gmail.com','-','xcxcxcxcxcxc','dwdawdasd','sdadwdwda','J001','Jawa Barat','17135','5657575757','2020-03-14 04:46:20','2020-03-14 04:46:20'),('962fbf12-df35-472c-b78b-4b9a0b3fb69d','3d287433-3cc5-451b-89ae-3b1a1c4337eb','8888','delapandelapan','sidelapan','sidelapan@gmail.com','-','kikkokkokokoko','kjijiokokokoll','yruryyryrtrtrt','-','dwadwadwd','34435','3434353535','2020-03-14 05:23:09','2020-03-14 05:23:09'),('97150e62-f005-47ae-a0fe-65294c284a45','e051a533-88b5-4413-8108-30765e0efbcf','65321','asal','asal','asal@gmail.com','-','gdgfefefafsfef','40110202','401205','4012','40','454546','3423232424','2020-03-17 13:03:42','2020-03-17 13:03:42'),('a1d4f0eb-ae8a-42e8-b0d3-cf7fd1b7da1e','e051a533-88b5-4413-8108-30765e0efbcf','33333','tigatiga','sitiga','sitiga@gmail.com','-','dwadawd','dsdsd','sdsd','J001','dwdawd','234232','5232323','2020-03-10 16:05:41','2020-03-10 16:05:41'),('a2834411-a1b0-4efa-afae-0ec0e5a1615d','e051a533-88b5-4413-8108-30765e0efbcf','56565','limaenam','limaenam','limaenam@gmail.com','-','dawasdaw','40110101','401101','4013','Jakarta','343434','45464545335','2020-03-17 00:37:11','2020-03-17 00:37:11'),('aaa87f28-8747-48cc-b46f-b0bd36964be5','e051a533-88b5-4413-8108-30765e0efbcf','232323','sdwdads','dwdawdwd','wdwdw@gmail.com','-','asaads','wrwrwrwr','wdwd','J001','dwdwdwd','32323','dwadwwdw','2020-03-08 06:26:27','2020-03-08 06:26:27'),('c718f947-a1ed-4790-a0a2-b1c3b149d0ed','e051a533-88b5-4413-8108-30765e0efbcf','77777','tujuhtujuh','situjuh','tujuh@gmail.com','-','sdaw','dawdawda','sdawwa','J001','dwadad','34343','7777777','2020-03-10 15:12:13','2020-03-10 15:12:13'),('e0be2407-8fde-4f35-969c-d63224d87801','e051a533-88b5-4413-8108-30765e0efbcf','7777','Tujuhtujuh','situjuhaja','situjuhaja@gmail.com','-','tujuhtujuh','tujuhtujuh','hththththth','-','hrhrsrsdf','34353','56454545','2020-03-14 05:22:11','2020-03-14 05:22:11'),('e52876a5-76d3-43cc-a241-d2913ff54704','e051a533-88b5-4413-8108-30765e0efbcf','44441','aaaaaaaaaaaa','adad','adada@gmail.com','-','tadadadadada','dafafafafaf','fafwwfwf','-','fwfawaf','44556','0214545454','2020-03-14 05:19:46','2020-03-14 05:19:46'),('f4c67d82-ac2e-4482-85e5-239324174fa5','e051a533-88b5-4413-8108-30765e0efbcf','4444','empatempat','siempat','siempat@gmail.com','-','dwadas','dadasda','grgrgrg','J001','fefef','44444','444444444','2020-03-10 15:14:56','2020-03-10 15:14:56'),('f65be7dc-f1a0-4e42-a9be-2b6d572c3ecf','e051a533-88b5-4413-8108-30765e0efbcf','44321','gththth','wdwasa','rt@gmail.com','-','dwdawdad','sdsds','sdasdsa','J001','Jawa Barat','232323','24242322','2020-03-10 15:08:28','2020-03-10 15:08:28');

#
# Structure for table "role"
#

DROP TABLE IF EXISTS `role`;
CREATE TABLE `role` (
  `id` char(36) COLLATE utf8mb4_unicode_ci NOT NULL,
  `nama` varchar(250) COLLATE utf8mb4_unicode_ci NOT NULL,
  `created_at` timestamp NULL DEFAULT NULL,
  `updated_at` timestamp NULL DEFAULT NULL,
  PRIMARY KEY (`id`)
) ENGINE=InnoDB DEFAULT CHARSET=utf8mb4 COLLATE=utf8mb4_unicode_ci;

#
# Data for table "role"
#


#
# Structure for table "trans_approval_instansi"
#

DROP TABLE IF EXISTS `trans_approval_instansi`;
CREATE TABLE `trans_approval_instansi` (
  `id` char(36) COLLATE utf8mb4_unicode_ci NOT NULL,
  `approval_id` varchar(250) COLLATE utf8mb4_unicode_ci NOT NULL,
  `kegiatan_id` varchar(250) COLLATE utf8mb4_unicode_ci NOT NULL,
  `kegiatan_approval` date NOT NULL,
  `note` text COLLATE utf8mb4_unicode_ci NOT NULL,
  `created_at` timestamp NULL DEFAULT NULL,
  `updated_at` timestamp NULL DEFAULT NULL,
  PRIMARY KEY (`id`)
) ENGINE=InnoDB DEFAULT CHARSET=utf8mb4 COLLATE=utf8mb4_unicode_ci;

#
# Data for table "trans_approval_instansi"
#


#
# Structure for table "users"
#

DROP TABLE IF EXISTS `users`;
CREATE TABLE `users` (
  `id` bigint(20) unsigned NOT NULL AUTO_INCREMENT,
  `name` varchar(191) COLLATE utf8mb4_unicode_ci NOT NULL,
  `email` varchar(191) COLLATE utf8mb4_unicode_ci NOT NULL,
  `email_verified_at` timestamp NULL DEFAULT NULL,
  `password` varchar(191) COLLATE utf8mb4_unicode_ci NOT NULL,
  `remember_token` varchar(100) COLLATE utf8mb4_unicode_ci DEFAULT NULL,
  `created_at` timestamp NULL DEFAULT NULL,
  `updated_at` timestamp NULL DEFAULT NULL,
  `type` int(11) NOT NULL DEFAULT '0',
  PRIMARY KEY (`id`),
  UNIQUE KEY `users_email_unique` (`email`)
) ENGINE=InnoDB AUTO_INCREMENT=26 DEFAULT CHARSET=utf8mb4 COLLATE=utf8mb4_unicode_ci;

#
# Data for table "users"
#

INSERT INTO `users` VALUES (1,'somad','somad@gmail.com',NULL,'$2y$10$AuJzN6KXfJBK9Sp7Tq8PQ.4uzw2MLP0lKHupLPjV1/200lYsRrw4a',NULL,'2020-03-04 00:21:54','2020-03-04 00:21:54',0),(3,'somad','somad2@gmail.com',NULL,'$2y$10$e9P.JcXBNngGXMdo3Xb1teNkJVmNlHJ1wF1WK9CgjxCyuBpAh5OTa',NULL,'2020-03-04 00:24:30','2020-03-04 00:24:30',0),(4,'wdwd','sdww@gmail.com',NULL,'$2y$10$hj5fjF3CfUfuy95wfoy7r.91YpRzf22FHubd883gJxFmgxWPJ0DQm',NULL,'2020-03-04 00:25:22','2020-03-04 00:25:22',0),(5,'afafa','fafa@gmail.com',NULL,'$2y$10$eD1IFCwrJdjBPru..EKDeuXzPmgjJ0P/SYydVJadVh8ThfVXbH5qy',NULL,'2020-03-04 00:29:17','2020-03-04 00:29:17',0),(6,'admin','admin@gmail.com',NULL,'$2y$10$5PuV8t7NTpi03oh0Vk.xLOU/zIM3eTK.IRJqPfvRQt0nlj8LbOp2m',NULL,NULL,NULL,0),(7,'gfdfdfdf','gaaga@gmail.com',NULL,'$2y$10$PUEU5fcdaSKbT.BHQ5AES.Bd.h9ZZqW/uEjcogOTG9wUZJVhw7LxC',NULL,'2020-03-08 01:46:46','2020-03-08 01:46:46',0),(13,'dwdawdwd','wdwdw@gmail.com',NULL,'$2y$10$H9AS.V.mBNuWD63cH9k6bend9tVXBmZ608voQFb0LttnyRJNrExLS',NULL,'2020-03-08 06:26:27','2020-03-08 06:26:27',0),(14,'wdwasa','rt@gmail.com',NULL,'$2y$10$.sHoaQpHpehHwyw72sZ.q.czO3AMPfOr5rkLZeQQAJgBRM73K3OJy',NULL,'2020-03-10 15:08:28','2020-03-10 15:08:28',0),(15,'situjuh','tujuh@gmail.com',NULL,'$2y$10$VtXuGgXoBLVteOaGLvG.FuKq7HTjewcfxKxo2/e7aClYyZl5xnity',NULL,'2020-03-10 15:12:13','2020-03-10 15:12:13',0),(16,'siempat','siempat@gmail.com',NULL,'$2y$10$tRICdBXeN97lFKzkETKKAu0VclveI8bw2Mmw.2W/jU5HC24uwO5Ii',NULL,'2020-03-10 15:14:56','2020-03-10 15:14:56',0),(17,'sitiga','sitiga@gmail.com',NULL,'$2y$10$uzLeOi6eZJHVTWhh7f3.0OGm3QBkWKIYziKaj8zUo5vNQCqRqx6UK',NULL,'2020-03-10 16:05:41','2020-03-10 16:05:41',0),(18,'ererefefefefe','erere@gmail.com',NULL,'$2y$10$KMHYPq3IBNg9CQ6hft3ukOHZzPa9m0NRMWMW.elv2EsAYQwTxMu.C',NULL,'2020-03-14 04:42:13','2020-03-14 04:42:13',0),(19,'grgrgrgrgrgrg','rio.firmansyah.eka.saputra@gmail.com',NULL,'$2y$10$WheUN1pUuc9TQFFqZeVAwu9GyexLBDjAKqn73ql4fMUGz/2nSEXjm',NULL,'2020-03-14 04:46:20','2020-03-14 04:46:20',0),(20,'adad','adada@gmail.com',NULL,'$2y$10$P7IAuFRPjISjQU68nrq4J.TN0HkuMsVDlFU4TSYQL7K2eiPWg8Wz2',NULL,'2020-03-14 05:19:46','2020-03-14 05:19:46',0),(21,'situjuhaja','situjuhaja@gmail.com',NULL,'$2y$10$UkC5ZgdNUhm5EnPgJ6U58.XH5X1LJPqXF1fKpp4jIufpRcgmgn7gS',NULL,'2020-03-14 05:22:12','2020-03-14 05:22:12',1),(22,'sidelapan','sidelapan@gmail.com',NULL,'$2y$10$jv7Xu7M4hNYSS9J4MQoOweFxe5irB6fCN7EcUlRkkuZD4anQCZ0Xu',NULL,'2020-03-14 05:23:09','2020-03-14 05:23:09',2),(23,'koko','kokoko@gmail.com',NULL,'$2y$10$CbabjGzgUfYTPap36tDKjOVzfBy/JUV/rrrgEUKqmhIfWBnRmsCF.',NULL,'2020-03-14 05:25:46','2020-03-14 05:25:46',2),(24,'limaenam','limaenam@gmail.com',NULL,'$2y$10$0RVhp0YToQCtXzJ9flLuw.5unWxyRU0SpFIW3A7XRLe1kRTK6rUtG',NULL,'2020-03-17 00:37:11','2020-03-17 00:37:11',1),(25,'asal','asal@gmail.com',NULL,'$2y$10$nALuBi3rwBqlqOlwOTqeaOjIroQCOlEWLaEDezovsNafnOhFrxnLq',NULL,'2020-03-17 13:03:42','2020-03-17 13:03:42',1);
